{"cameraMode":{"drawMode":0,"name":"Shaded","section":"Shading Mode"},"sceneLighting":true,"audioPlay":false,"sceneViewState":{"showFog":true,"showMaterialUpdate":false,"showSkybox":false,"showFlares":true,"showImageEffects":false,"showParticleSystems":true,"showVisualEffectGraphs":true,"m_FxEnabled":true},"in2DMode":false,"pivot":{"x":934.7097778320313,"y":515.4910888671875,"z":-17.136611938476564},"rotation":{"x":0.037768688052892688,"y":0.040453314781188968,"z":-0.0015236962353810669,"w":0.998448371887207},"size":198.75482177734376,"orthographic":false}