{"cameraMode":{"drawMode":0,"name":"Shaded","section":"Shading Mode"},"sceneLighting":true,"audioPlay":false,"sceneViewState":{"showFog":false,"showMaterialUpdate":true,"showSkybox":true,"showFlares":true,"showImageEffects":true,"showParticleSystems":true,"showVisualEffectGraphs":true,"m_FxEnabled":false},"in2DMode":false,"pivot":{"x":-0.9927241802215576,"y":2.8981029987335207,"z":-14.410335540771485},"rotation":{"x":-0.034619081765413287,"y":-0.9653664231300354,"z":0.18466202914714814,"w":-0.1810668706893921},"size":1.7303214073181153,"orthographic":false}