{"cameraMode":{"drawMode":0,"name":"Shaded","section":"Shading Mode"},"sceneLighting":true,"audioPlay":false,"sceneViewState":{"showFog":false,"showMaterialUpdate":true,"showSkybox":true,"showFlares":true,"showImageEffects":true,"showParticleSystems":true,"showVisualEffectGraphs":true,"m_FxEnabled":false},"in2DMode":false,"pivot":{"x":-16.788848876953126,"y":-1.7095904350280762,"z":-12.478373527526856},"rotation":{"x":-0.011625297367572785,"y":0.9565016031265259,"z":-0.28897348046302798,"w":-0.03847380355000496},"size":16.182016372680665,"orthographic":false}