{"cameraMode":{"drawMode":0,"name":"Shaded","section":"Shading Mode"},"sceneLighting":true,"audioPlay":false,"sceneViewState":{"showFog":false,"showMaterialUpdate":true,"showSkybox":true,"showFlares":true,"showImageEffects":true,"showParticleSystems":true,"showVisualEffectGraphs":true,"m_FxEnabled":false},"in2DMode":false,"pivot":{"x":-0.7055526971817017,"y":0.8888072967529297,"z":-8.363296508789063},"rotation":{"x":-0.0009103732882067561,"y":0.9760522842407227,"z":-0.21755750477313996,"w":-0.004098271485418081},"size":12.08076000213623,"orthographic":false}