{"cameraMode":{"drawMode":0,"name":"Shaded","section":"Shading Mode"},"sceneLighting":true,"audioPlay":false,"sceneViewState":{"showFog":true,"showMaterialUpdate":true,"showSkybox":true,"showFlares":true,"showImageEffects":true,"showParticleSystems":true,"showVisualEffectGraphs":true,"m_FxEnabled":true},"in2DMode":false,"pivot":{"x":525.5145263671875,"y":280.84735107421877,"z":-1.5915358066558838},"rotation":{"x":0.005692013073712587,"y":-0.009267077781260014,"z":-0.000039408336306223646,"w":-0.9999063611030579},"size":129.80935668945313,"orthographic":false}