{"cameraMode":{"drawMode":0,"name":"Shaded","section":"Shading Mode"},"sceneLighting":false,"audioPlay":false,"sceneViewState":{"showFog":true,"showMaterialUpdate":false,"showSkybox":false,"showFlares":true,"showImageEffects":true,"showParticleSystems":true,"showVisualEffectGraphs":true,"m_FxEnabled":true},"in2DMode":false,"pivot":{"x":-0.18716758489608766,"y":1.167167067527771,"z":0.7440015077590942},"rotation":{"x":-0.010696020908653736,"y":-0.9822905659675598,"z":0.059314168989658359,"w":-0.17725278437137605},"size":1.0039310455322266,"orthographic":false}