{"cameraMode":{"drawMode":0,"name":"Shaded","section":"Shading Mode"},"sceneLighting":false,"audioPlay":false,"sceneViewState":{"showFog":true,"showMaterialUpdate":false,"showSkybox":false,"showFlares":true,"showImageEffects":true,"showParticleSystems":true,"showVisualEffectGraphs":true,"m_FxEnabled":true},"in2DMode":false,"pivot":{"x":-0.3573867678642273,"y":1.4625686407089234,"z":-0.24915799498558045},"rotation":{"x":-0.006666034460067749,"y":-0.9901986718177795,"z":0.05084991827607155,"w":-0.12966786324977876},"size":1.4295942783355713,"orthographic":false}