{"cameraMode":{"drawMode":0,"name":"Shaded","section":"Shading Mode"},"sceneLighting":false,"audioPlay":false,"sceneViewState":{"showFog":true,"showMaterialUpdate":false,"showSkybox":false,"showFlares":true,"showImageEffects":true,"showParticleSystems":true,"showVisualEffectGraphs":true,"m_FxEnabled":true},"in2DMode":false,"pivot":{"x":-0.21588735282421113,"y":1.0540292263031006,"z":0.15280964970588685},"rotation":{"x":-0.0023512891493737699,"y":0.9921519160270691,"z":0.019044600427150728,"w":0.12327620387077332},"size":1.129594326019287,"orthographic":false}