{"cameraMode":{"drawMode":0,"name":"Shaded","section":"Shading Mode"},"sceneLighting":false,"audioPlay":false,"sceneViewState":{"showFog":true,"showMaterialUpdate":false,"showSkybox":false,"showFlares":true,"showImageEffects":true,"showParticleSystems":true,"showVisualEffectGraphs":true,"m_FxEnabled":true},"in2DMode":false,"pivot":{"x":-0.18716758489608766,"y":1.167167067527771,"z":0.7440015077590942},"rotation":{"x":-0.03078031726181507,"y":-0.8112533688545227,"z":0.042879391461610797,"w":-0.5822606682777405},"size":1.0039310455322266,"orthographic":false}